{"objs":[{"key":"chalkbig","x":1890,"y":1966.0000610351562,"angle":0,"rotSpeed":0,"ID":0},{"key":"chalkbig","x":1503.9999389648438,"y":1618.0000305175781,"rotSpeed":0,"angle":90,"ID":1}]}